INSERT
IGNORE INTO `fb_devices_module_connectors` (`connector_id`, `connector_identifier`, `connector_name`, `connector_comment`, `connector_enabled`, `connector_type`, `created_at`, `updated_at`) VALUES
(_binary 0x17C59DFA2EDD438E8C49FAA4E38E5A5E, 'blank', 'Blank', null, true, 'blank', '2020-03-20 09:18:20', '2020-03-20 09:18:20'),
(_binary 0x7A3DD94C729446FD8C611B375C313D4D, 'dummy', 'Dummy', null, true, 'dummy', '2022-07-03 22:00:00', '2022-07-03 22:00:00');

INSERT
IGNORE INTO `fb_devices_module_connectors_controls` (`control_id`, `connector_id`, `control_name`, `created_at`, `updated_at`) VALUES
(_binary 0x7C055B2B60C3401793DBE9478D8AA662, _binary 0x17C59DFA2EDD438E8C49FAA4E38E5A5E, 'search', '2020-03-20 09:18:20', '2020-03-20 09:18:20');

INSERT
IGNORE INTO `fb_devices_module_devices` (`device_id`, `device_type`, `device_identifier`, `device_name`, `device_comment`, `params`, `created_at`, `updated_at`, `owner`, `connector_id`) VALUES
(_binary 0x69786D15FD0C4D9F937833287C2009FA, 'blank', 'first-device', 'First device', NULL, NULL, '2020-03-19 14:03:48', '2020-03-22 20:12:07', '455354e8-96bd-4c29-84e7-9f10e1d4db4b', _binary 0x17C59DFA2EDD438E8C49FAA4E38E5A5E),
(_binary 0xBF4CD8702AAC45F0A85EE1CEFD2D6D9A, 'blank', 'second-device', NULL, NULL, NULL, '2020-03-20 21:54:32', '2020-03-20 21:54:32', '455354e8-96bd-4c29-84e7-9f10e1d4db4b', _binary 0x17C59DFA2EDD438E8C49FAA4E38E5A5E),
(_binary 0xE36A27881EF84CDFAB094735F191A509, 'blank', 'third-device', 'Third device', 'Custom comment', NULL, '2020-03-20 21:56:41', '2020-03-20 21:56:41', '455354e8-96bd-4c29-84e7-9f10e1d4db4b', _binary 0x17C59DFA2EDD438E8C49FAA4E38E5A5E),
(_binary 0xA1036FF86EE84405AAED58BAE0814596, 'blank', 'child-device', 'Child device', 'This is child', NULL, '2020-03-20 21:56:41', '2020-03-20 21:56:41', NULL, _binary 0x17C59DFA2EDD438E8C49FAA4E38E5A5E);

INSERT
IGNORE INTO `fb_devices_module_devices_children` (`parent_device`, `child_device`) VALUES
(_binary 0x69786D15FD0C4D9F937833287C2009FA, _binary 0xA1036FF86EE84405AAED58BAE0814596);

INSERT
IGNORE INTO `fb_devices_module_devices_properties` (`property_id`, `device_id`, `property_type`, `property_identifier`, `property_name`, `property_settable`, `property_queryable`, `property_data_type`, `property_unit`, `property_format`, `property_invalid`, `property_number_of_decimals`, `property_value`, `created_at`, `updated_at`) VALUES
(_binary 0xBBCCCF8C33AB431BA795D7BB38B6B6DB, _binary 0x69786D15FD0C4D9F937833287C2009FA, 'dynamic', 'uptime', 'uptime', 0, 1, 'int', NULL, NULL, NULL, NULL, NULL, '2020-03-20 09:18:20', '2020-03-20 09:18:20'),
(_binary 0x28BC0D382F7C4A71AA7427B102F8DF4C, _binary 0x69786D15FD0C4D9F937833287C2009FA, 'dynamic', 'rssi', 'rssi', 0, 1, 'int', NULL, NULL, NULL, NULL, NULL, '2020-03-20 09:18:20', '2020-03-20 09:18:20'),
(_binary 0x3FF0029F7FE3405EA3EFEDAAD08E2FFA, _binary 0x69786D15FD0C4D9F937833287C2009FA, 'variable', 'status_led', 'status_led', 0, 0, 'enum', NULL, 'on,off', NULL, NULL, 'on', '2020-03-20 09:18:20', '2020-03-20 09:18:20'),
(_binary 0xC747CFDD654C4E5097156D14DBF20552, _binary 0x69786D15FD0C4D9F937833287C2009FA, 'variable', 'username', 'username', 0, 0, 'string', NULL, NULL, NULL, NULL, 'device-username', '2020-03-20 09:18:20', '2020-03-20 09:18:20'),
(_binary 0x3134BA8EF1344BF29C80C977C4DEB0FB, _binary 0x69786D15FD0C4D9F937833287C2009FA, 'variable', 'password', 'password', 0, 0, 'string', NULL, NULL, NULL, NULL, 'device-password', '2020-03-20 09:18:20', '2020-03-20 09:18:20');

INSERT
IGNORE INTO `fb_devices_module_devices_controls` (`control_id`, `device_id`, `control_name`, `created_at`, `updated_at`) VALUES
(_binary 0x7C055B2B60C3401793DBE9478D8AA662, _binary 0x69786D15FD0C4D9F937833287C2009FA, 'configure', '2020-03-20 09:18:20', '2020-03-20 09:18:20');

INSERT
IGNORE INTO `fb_devices_module_devices_attributes` (`attribute_id`, `device_id`, `attribute_identifier`, `attribute_name`, `attribute_content`, `created_at`, `updated_at`) VALUES
(_binary 0x03164A6D9628460C95CC90E6216332D9, _binary 0x69786D15FD0C4D9F937833287C2009FA, 'hardware_manufacturer', NULL, 'itead', '2020-03-20 09:18:20', '2020-03-20 09:18:20'),
(_binary 0x06599B7402364A9899C8C459A3CDB6A4, _binary 0x69786D15FD0C4D9F937833287C2009FA, 'hardware_model', NULL, 'sonoff_basic', '2020-03-20 09:18:20', '2020-03-20 09:18:20'),
(_binary 0x090DF4F25F234118A2BD6F0646CF2A70, _binary 0x69786D15FD0C4D9F937833287C2009FA, 'hardware_version', NULL, 'rev1', '2020-03-20 09:18:20', '2020-03-20 09:18:20'),
(_binary 0x0E771233FD5343DDBD24CDA3303F902E, _binary 0x69786D15FD0C4D9F937833287C2009FA, 'hardware_mac_address', NULL, '807d3a3dbe6d', '2020-03-20 09:18:20', '2020-03-20 09:18:20'),
(_binary 0x0EB39DAEEF884BB5A9EA94B0B788101F, _binary 0x69786D15FD0C4D9F937833287C2009FA, 'firmware_manufacturer', NULL, 'fastybird', '2020-03-20 09:18:20', '2020-03-20 09:18:20'),
(_binary 0x0F87EFBBCB1549CF8B2FF82FF5163C53, _binary 0xE36A27881EF84CDFAB094735F191A509, 'hardware_manufacturer', NULL, 'fastybird', '2020-03-20 09:18:20', '2020-03-20 09:18:20'),
(_binary 0x125EFCD0492B4F73B9BD42C07D92CCDF, _binary 0xE36A27881EF84CDFAB094735F191A509, 'hardware_model', NULL, 'fastybird_wifi_gw', '2020-03-20 09:18:20', '2020-03-20 09:18:20'),
(_binary 0x145595C21B1E4FC29A0E54D0FA23E230, _binary 0xE36A27881EF84CDFAB094735F191A509, 'hardware_version', NULL, 'rev1', '2020-03-20 09:18:20', '2020-03-20 09:18:20'),
(_binary 0x1FD2EB2C087E4400808B6209DFCC5FDA, _binary 0xE36A27881EF84CDFAB094735F191A509, 'hardware_mac_address', NULL, '807d3a3dbe6d', '2020-03-20 09:18:20', '2020-03-20 09:18:20'),
(_binary 0x21D9F0393A914015A824DD42A5537879, _binary 0xE36A27881EF84CDFAB094735F191A509, 'firmware_manufacturer', NULL, 'fastybird', '2020-03-20 09:18:20', '2020-03-20 09:18:20');

INSERT
IGNORE INTO `fb_devices_module_channels` (`channel_id`, `device_id`, `channel_name`, `channel_comment`, `channel_identifier`, `params`, `created_at`, `updated_at`) VALUES
(_binary 0x17C59DFA2EDD438E8C49FAA4E38E5A5E, _binary 0x69786D15FD0C4D9F937833287C2009FA, 'Channel one', NULL, 'channel-one', NULL, '2020-03-20 09:22:12', '2020-03-20 22:37:14'),
(_binary 0x6821F8E9AE694D5C9B7CD2B213F1AE0A, _binary 0x69786D15FD0C4D9F937833287C2009FA, 'Channel two', NULL, 'channel-two', NULL, '2020-03-20 09:22:13', '2020-03-20 09:22:13'),
(_binary 0xBBCCCF8C33AB431BA795D7BB38B6B6DB, _binary 0xBF4CD8702AAC45F0A85EE1CEFD2D6D9A, NULL, NULL, 'channel-one', NULL, '2020-03-20 09:22:13', '2020-03-20 09:22:13');

INSERT
IGNORE INTO `fb_devices_module_channels_properties` (`property_id`, `channel_id`, `property_type`, `property_identifier`, `property_name`, `property_settable`, `property_queryable`, `property_data_type`, `property_unit`, `property_format`, `property_invalid`, `property_number_of_decimals`, `property_value`, `created_at`, `updated_at`) VALUES
(_binary 0xBBCCCF8C33AB431BA795D7BB38B6B6DB, _binary 0x17C59DFA2EDD438E8C49FAA4E38E5A5E, 'dynamic', 'switch', 'switch', 1, 1, 'enum', NULL, 'on,off,toggle', NULL, NULL, NULL, '2019-12-09 23:19:45', '2019-12-09 23:19:49'),
(_binary 0x28BC0D382F7C4A71AA7427B102F8DF4C, _binary 0x6821F8E9AE694D5C9B7CD2B213F1AE0A, 'dynamic', 'temperature', 'temperature', 0, 1, 'float', '°C', NULL, 999, 1, NULL, '2019-12-08 18:17:39', '2019-12-09 23:09:56'),
(_binary 0x24C436F4A2E44D2BB9101A3FF785B784, _binary 0x6821F8E9AE694D5C9B7CD2B213F1AE0A, 'dynamic', 'humidity', 'humidity', 0, 1, 'float', '%', NULL, 999, 2, NULL, '2019-12-08 18:17:39', '2019-12-09 23:10:00');

INSERT
IGNORE INTO `fb_devices_module_channels_controls` (`control_id`, `channel_id`, `control_name`, `created_at`, `updated_at`) VALUES
(_binary 0x15DB9BEF3B574A87BF67E3C19FC3BA34, _binary 0x17C59DFA2EDD438E8C49FAA4E38E5A5E, 'configure', '2020-03-20 09:18:20', '2020-03-20 09:18:20'),
(_binary 0x177D6FC719054FD9B847E2DA8189DD6A, _binary 0x6821F8E9AE694D5C9B7CD2B213F1AE0A, 'configure', '2020-03-20 09:18:20', '2020-03-20 09:18:20');
